Designator,Footprint,Quantity,Value,LCSC Part #
"C1, C10, C11, C12, C13, C14, C15, C16, C17, C18, C19, C2, C20, C3, C4, C5, C6, C7, C8, C9",0603,20,104,
"C21, C22",CP_EIA-3216-12_Kemet-S,2,10uF,
"C23, C25",0603,2,100nF,
C24,0603,1,10uF,
"D1, D10, D11, D12, D13, D14, D15, D16, D17, D18, D19, D2, D20, D21, D22, D23, D24, D25, D26, D27, D28, D29, D3, D30, D31, D32, D33, D34, D35, D36, D37, D38, D39, D4, D40, D41, D42, D5, D6, D7, D8, D9",Diode,42,D,
D43,D_SOD-323_HandSoldering,1,1N5819,
D44,0603,1,BLUE,C375446
"H1_8, H1_7, H1_6, H1_5, H1_4, H1_3, H1_2, H1",Cut_hole,8,Hole,
"J1, J10, J11, J12, J13, J14, J15, J16, J17, J18, J19, J2, J20, J26, J27, J28, J29, J3, J4, J5, J6, J7, J8, J9",Conn_01x01,24, ,
"J21, J22",USB-C-16pin-hight-v2,2,DATA Port,
J23,128x64OLED,1,Conn_01x04,
"J24, J25",JST_PH_S2B-PH-SM4-TB_1x02-1MP_P2.00mm_Horizontal,2, ,
"J30, J31",USB-C-16pin-hight-v2,2,USB_C_Receptacle_USB2.0,
J32,TestPoint_Pad_1.5x1.5mm,1, ,
J33,TestPoint_Pad_D1.5mm,1, ,
"JP1, JP2, JP3, JP4",SolderJumper-2_P1.3mm_Open_RoundedPad1.0x1.5mm,4, ,
JP10,SolderJumper-2_P1.3mm_Open_Pad1.0x1.5mm,1,Jump LED,
"JP5, JP6, JP7, JP8",SolderJumper-2_P1.3mm_Open_Pad1.0x1.5mm,4, ,
JP9,SolderJumper-2_P1.3mm_Open_RoundedPad1.0x1.5mm,1,Jump LED,
"LED1, LED10, LED2, LED3, LED4, LED5, LED6, LED7, LED8, LED9",SK6812MINI-FLIP,10,6812,
"Q1, Q2",SOT-23,2,AO3407,
"R1, R3",0603,2,5.1k,
"R2, R4",0603,2,2M,
"R5, R6",0603,2,100k,
R7,0603,1,10M,
R8,0603,1,1K,
R9,0603,1,2.3k,
"SW1, SW10, SW13, SW14, SW15, SW16, SW17, SW18, SW19, SW2, SW20, SW21, SW22, SW23, SW24, SW25, SW26, SW27, SW29, SW3, SW30, SW31, SW32, SW33, SW34, SW35, SW36, SW37, SW38, SW39, SW4, SW40, SW41, SW43, SW5, SW6, SW7, SW8, SW9",SW-HS_flip-1u,39,1u,
"SW11, SW12",SW-HS-Flip-1u,2,1u,
SW28,Econder,1, ,
SW42,SW-HS_flip-1u,1,1.5u,
"SW44, SW45",SW_SPDT_PCM12,2, ,
"SW46_2, SW46",SW_SPST_TL3342,2,RST,
"TH1, TH2, TH3, TH4_3, TH4_2, TH4, TH5",HOLE_M2_TH,7,HOLE,
"TH6, TH7",M2_HOLE_PCB,2,HOLE,
U1,PRO-MICRO,1,Promicro,
U2,SOT-23-5,1,MIC5219-3.3YM5,
U3,SOT-23-6,1,USBLC6-2SC6,
U4,E73-2G4M08S1C-kien242,1,E73-2G4M08S1C,
U5,SOT-23-5,1,TP4054,
Y1,Crystal_0603,1,32.768kHz,
